Company name,City,State
SIEMENS FINANCIAL SERVICES INC,MALVERN,PA
SQUAREPOINT OPS LLC,NEW YORK,NY
BARCLAYS BANK DELAWARE,WILMINGTON,DE
MANIKAY PARTNERS LLC,NEW YORK,NY
CROSSOVER PARTNERS LLC,BOSTON,MA
TURN/RIVER MANAGEMENT LP,SAN FRANCISCO,CA
RESER'S FINE FOODS INC,BEAVERTON,OR
ITPROFOUND INC,WOODBURY,MN
BOOTHBAY FUND MANAGEMENT LLC,NEW YORK,NY
AECOM TECHNICAL SERVICES INC,HOUSTON,TX
UBS SECURITIES LLC,NEW YORK,NY
ALLIANCEBERNSTEIN LP,NASHVILLE,TN
LIGHTHOUSE INVESTMENT PARTNERS LLC,CHICAGO,IL
ROSEWOOD INVESTMENT CORPORATION,NEW YORK,NY
PHARO MANAGEMENT INC,NEW YORK,NY
T ROWE PRICE ASSOCIATES INC,OWINGS MILLS,MD
AMERICAN FAMILY MUTUAL INSURANCE COMPANY SI,MADISON,WI
PFIZER INC,PEARL RIVER,NY
VOLVO CAR TECHNOLOGY USA LLC,SUNNYVALE,CA
AMUNDI US INC,BOSTON,MA
SEMPER CAPITAL MANAGEMENT LP,NEW YORK,NY
VOYA INVESTMENT MANAGEMENT LLC,ATLANTA,GA
ZZ VENTURES INC,SAN FRANCISCO,CA
REAL ESTATE EQUITY EXCHANGE INC,SAN FRANCISCO,CA
US MASTERS RESIDENTIAL PROPERTY (USA) FUND,JERSEY CITY,NJ
CLI NY LLC,NEW YORK,NY
GREENBRIAR EQUITY GROUP LP,RYE,NY
GROWTH STREET MANAGEMENT LLC,SAN FRANCISCO,CA
ICONIQ CAPITAL LLC,NEW YORK,NY
RELIANCE GLOBAL SERVICES INC,ISELIN,NJ
PHILLIPS ACADEMY,ANDOVER,MA
GIC REAL ESTATE INC,NEW YORK,NY
HQ CAPITAL PRIVATE EQUITY LLC,NEW YORK,NY
PROMETHEUS TECHNOLOGIES INC,SAN JOSE,CA
TPG GLOBAL LLC,SAN FRANCISCO,CA
DEUTSCHE BANK SECURITIES INC,JACKSONVILLE,FL
CALIBER HOME LOANS INC,COPPELL,TX
PGIM INC,MIAMI,FL
THE GUARDIAN LIFE INSURANCE COMPANY OF AMERICA,HOLMDEL,NJ
PINEBRIDGE INVESTMENTS HOLDINGS US LLC,NEW YORK,NY
WATERFALL ASSET MANAGEMENT LLC,NEW YORK,NY
UBS ASSET MANAGEMENT AMERICAS INC,NEW YORK,NY
SENSHINE CAPITAL LLC,GREAT NECK,NY
GRESHAM PARTNERS LLC,CHICAGO,IL
AFLAC INC,COLUMBUS,GA
PFWA OPERATIONS LLC,LAKE OSWEGO,OR
OPTIVER US LLC,CHICAGO,IL
ARROWSTREET CAPITAL LIMITED PARTNERSHIP,BOSTON,MA
SIERENTZ NORTH AMERICA LLC,WILTON,CT
GAW CAPITAL ADVISORS (USA) LLC,LOS ANGELES,CA
INCA INVESTMENTS LLC,MIAMI,FL
SUMMIT GLORY LLC,NEW YORK,NY
ALBUQUERQUE PUBLIC SCHOOLS,ALBUQUERQUE,NM
ALCATEL-LUCENT USA INC (DBA NOKIA),MURRAY HILL,NJ
SIGMAWAYS INC,FREMONT,CA
PYTHAGORAS INVESTMENT MANAGEMENT LLC,NEW YORK,NY
QUADRO PARTNERS INC,NEW YORK,NY
CAREY ASSET MANAGEMENT CORP,NEW YORK,NY
FREEDOM FINANCIAL ASSET MANAGEMENT LLC,SAN MATEO,CA
TSINGYUAN VENTURES LLC,LOS ALTOS,CA
LENDLEASE US SERVICES INC,SUNNYVALE,CA
CBRE INC,SEATTLE,WA
ALPHADYNE ASSET MANAGEMENT LP,NEW YORK,NY
INVESTAR FINANCIAL CORPORATION,IRVING,TX
STATE OF ARIZONA PUBLIC SAFETY PERSONNEL RETIREMENT SYSTEM,PHOENIX,AZ
SV IT INC,LONETREE,CO
DARK OPPS LLC,NEW YORK,NY
YIELDSTREET INC,NEW YORK,NY
FIRST SENTIER INVESTORS (US) LLC,NEW YORK,NY
DRAPAC INVESTMENTS LLC,ATLANTA,GA
ELEMENT CAPITAL MANAGEMENT LLC,NEW YORK,NY
TRIMBLE INC,WESTMINSTER,CO
GDA LUMA CAPITAL MANAGEMENT LP,MIAMI,FL
BANCO ITAU INTERNATIONAL,MIAMI,FL
NEXT HORIZON ADVISORS LLC,PRINCETON,NJ
FIDELITY & GUARANTY LIFE BUSINESS SERVICES INC,DES MOINES,IA
CROSS RIVER BANK,FORT LEE,NJ
K2 D&S MANAGEMENT CO LLC,STAMFORD,CT
WBL CALIFORNIA LLC,ELMSFORD,NY
AMERICAN FAMILY LIFE ASSURANCE COMPANY OF COLUMBUS (AFLAC),COLUMBUS,GA
SEAZEN CAPITAL PARTNERS LIMITED,LOS ANGELES,CA
ELLINGTON MANAGEMENT GROUP LLC,OLD GREENWICH,CT
SCHOOL EMPLOYEES RETIREMENT SYSTEM OF OHIO,COLUMBUS,OH
WELLS CAPITAL MANAGEMENT INC,SAN FRANCISCO,CA
DYAL PARTNERS LP,NEW YORK,NY
FIFTH THIRD BANK NATIONAL ASSOCIATION,CINCINNATI,OH
KIMC (US) INC,ARLINGTON,VA
HG VORA CAPITAL MANAGEMENT LLC,NEW YORK,NY
ONEMAIN FINANCIAL GROUP LLC,BALTIMORE,MD
TURNER SERVICES INC,ATLANTA,GA
CREDIGY SOLUTIONS INC,NORCROSS,GA
QUANTITATIVE MANAGEMENT ASSOCIATES LLC,NEWARK,NJ
PERKINELMER HEALTH SCIENCES INC,WALTHAM,MA
SPIDER MANAGEMENT COMPANY LLC,RICHMOND,VA
AERO CAPITAL SOLUTIONS INC,AUSTIN,TX
EMINENCE CAPITAL LP,NEW YORK,CA
NEWMARK KNIGHT FRANK,FRISCO,TX
PARTNERS CAPITAL INVESTMENT GROUP LLP,BOSTON,MA
HARDING LOEVNER LP,BRIDGEWATER,NJ
CONNECTICUT MUNICIPAL ELECTRIC ENERGY COOPERATIVE,NORWICH,CT
COOK MEDICAL LLC,SPENCER,IN
BUILD ASSET MANAGEMENT LLC,SEATTLE,WA
MERIDIAM INFRASTRUCTURE NORTH AMERICA CORPORATION,NEW YORK,NY
SMITH HAUGHEY RICE & ROEGGE A PROFESSIONAL CORPORATION,GRAND RAPIDS,MI
PLUG & PLAY LLC,SUNNYVALE,CA
SICL AMERICA INC,NEWARK,NJ
EVERSHEDS SUTHERLAND (US) LLP,NEW YORK,NY
VGI PARTNERS INC,NEW YORK,NY
TETRA IMPACT PARTNERS LLC,NEW YORK,NY
US BORAX INC,BORON,CA
GORDON DYAL & CO ADVISORY GROUP LP,NEW YORK,NY
BTG PACTUAL ASSET MANAGEMENT US LLC,NEW YORK,NY
ALLY BANK,DETROIT,MI
TRINET USA INC,AUSTIN,TX
CHAN ZUCKERBERG INITIATIVE LLC,PALO ALTO,CA
LOUIS DREYFUS COMPANY LLC,WILTON,CT
CORTLAND PARTNERS,ATLANTA,GA
BROWN BROTHERS HARRIMAN & CO,NEW YORK,NY
FLYHOMES INC,CAMBRIDGE,MA
ALLIANZ GLOBAL INVESTORS US LLC,SAN FRANCISCO,CA
BRIDGEWATER ASSOCIATES LP,WESTPORT,CT
FEDERAL HOME LOAN BANK OF DES MOINES,DES MOINES,IA
WE WORK MANAGEMENT LLC,NEW YORK,NY
HIGHBRIDGE CAPITAL MANAGEMENT LLC,NEW YORK,NY
NATIONAL PROPERTY VALUATION ADVISORS INC,CHICAGO,IL
STATE FARM MUTUAL AUTOMOBILE INSURANCE COMPANY,BLOOMINGTON,IL
ESHARES INC,SEATTLE,WA
CITIBANK NA,NEW YORK,NY
COHNREZNICK CAPITAL MARKETS SECURITIES LLC,SAN FRANCISCO,CA
CAPITAL RESEARCH AND MANAGEMENT COMPANY,LOS ANGELES,CA
ACCESS VENTURES INC,LOUISVILLE,KY
SPECTRA GROUP INC,CHARLOTTE,NC
AMDOCS INC,ALPHARETTA,GA
GATEWOOD WEALTH SOLUTIONS,ST. LOUIS,MO
BAILEY TENNIS FOOTWORK INC,PARKLAND,FL
VWH CAPITAL MANAGEMENT LP,NEW YORK,NY
SIEMENS INDUSTRY INC,ALPHARETTA,GA
AMG NATIONAL TRUST BANK,GREENWOOD VILLAGE,CO
B RILEY FBR INC,NEW YORK,NY
DRAKE REAL ESTATE PARTNERS LLC,NEW YORK,NY
NASHFAMILY FP LLC,FLORHAM PARK,NJ
HSBC BANK USA NA,DEPEW,NY
ENOVA FINANCIAL HOLDINGS LLC,CHICAGO,IL
ALTISOURCE SOLUTIONS INC,PLANO,TX
SQUARE CAPITAL LLC,SAN FRANCISCO,CA
ATOS SYNTEL INC,JACKSONVILLE,FL
INTEGRAL FINANCIAL LLC,SAN JOSE,CA
PEOPLE'S UNITED ADVISORS INC,NEW YORK,NY
LORD ABBETT & CO,JERSEY CITY,NJ
HENGHOU INVESTMENT HOLDING INC,PASADENA,CA
NATIONAL LIFE INSURANCE COMPANY,ADDISON,TX
TATA CONSULTANCY SERVICES LIMITED,NEWARK,NJ
WILLIAM BLAIR & COMPANY LLC,CHICAGO,IL
HUTCHINSON CAPITAL MANAGEMENT,LARKSPUR,CA
SOROS FUND MANAGEMENT LLC,NEW YORK,NY
REDSTONE FUNDING LLC,CHICAGO,IL
RCC VENTURES LLC,NEW YORK,NY
MATTEL HQ INC,SAN FRANCISCO,CA
WASHINGTON STATE INVESTMENT BOARD,OLYMPIA,WA
SURGICAL CARE AFFILIATES INC,PLANO,TX
RUBENSTEIN PARTNERS LP,PHILADELPHIA,PA
POETIC GROUP LLC,NEW ROCHELLE,NY
ZURICH AMERICAN INSURANCE COMPANY,SCHAUMBURG,IL
VONTOBEL ASSET MANAGEMENT INC,NEW YORK,NY
EXOME ASSET MANAGEMENT LLC,NEW YORK,NY
DASSAULT SYSTEMES SIMULIA CORP,SAN ANTONIO,TX
SCHNEIDER ELECTRIC USA INC,EL PASO,TX
SAMSUNG SEMICONDUCTOR INC,SAN JOSE,CA
TCMI INC,NEW YORK,NY
QIDIAN LLC,TYSONS,VA
GLASSWING VENTURES LLC,BOSTON,MA
IFM INVESTORS (US) LLC,NEW YORK,NY
GIC SPECIAL INVESTMENTS PTE LTD,NEW YORK,NY
FRONT LINE CONSULTING LLC,NEW YORK,NY
ROCKLAND TRUST COMPANY,ROCKLAND,MA
CENTRO COMMUNITY PARTNERS,OAKLAND,CA
CITADEL ENTERPRISE AMERICAS LLC,NEW YORK,NY
MIRAE ASSET GLOBAL INVESTMENTS (USA) LLC,NEW YORK,NY
KUAFU PROPERTIES LLC,NEW YORK,NY
GLADE BROOK CAPITAL PARTNERS LLC,GREENWICH,CT
SOGOTRADE INC,CHESTERFIELD,MO
DVORA LIFE LLC,JERSEY CITY,NJ
FEDERAL WAY ASSET MANAGEMENT LP,FEDERAL WAY,WA
CLADRIUS PARTNERS LLC,NEW YORK,NY
MONTAKA GLOBAL INVESTMENTS CORPORATION,FAIRFIELD,NJ
CVC ADVISORS (US) INC,NEW YORK,NY
OPENDOOR LABS INC,SAN FRANCISCO,CA
STG INC,WEST CHESTER,IL
ECHO STREET CAPITAL MANAGEMENT LLC,NEW YORK,NY
GEODE CAPITAL MANAGEMENT LLC,BOSTON,MA
DIXIE CONSUMER PRODUCTS LLC,EASTON,PA
BREVAN HOWARD US INVESTMENT MANAGEMENT LP,AUSTIN,TX
EDELMAN FINANCIAL ENGINES LLC,ATLANTA,GA
NOVARTIS INSTITUTES FOR BIOMEDICAL RESEARCH INC,CAMBRIDGE,MA
STADIUM CAPITAL MANAGEMENT GP LP,NEW CANAAN,CT
WELLS FARGO BANK NA,CHICAGO,IL
CANTOR FITZGERALD LP,NEW YORK,NY
SCHLUMBERGER TECHNOLOGY CORPORATION,HOUSTON,TX
SIEMENS ENERGY INC,HOUSTON,TX
WESTERN ASSET MANAGEMENT,PASADENA,CA
BENNBRIDGE US LLC,ROLLING HILLS,CA
VOLORIDGE INVESTMENT MANAGEMENT LLC,JUPITER,FL
VARADERO CAPITAL LP,NEW YORK,NY
HM HEALTH SOLUTIONS INC,CAMP HILL,PA
PATHSTONE FAMILY OFFICE LLC,BOSTON,MA
400 CAPITAL MANAGEMENT LLC,NEW YORK,NY
AREAM ADVISORS LLC,SAN FRANCISCO,CA
BLOCPOWER LLC,BROOKLYN,NY
WEISS ASSET MANAGEMENT LP,BOSTON,MA
WCAS MANAGEMENT LP,NEW YORK,NY
HOYA CAPITAL PARTNERS LLC,MIAMI,FL
VAN LEEUWEN & COMPANY LLC,PRINCETON,NJ
RBI ALLIANCE LLC,HALLANDALE BEACH,FL
MFG SERVICES LLC,NORTHBROOK,IL
OCEAN BANK,MIAMI,FL
LIGHTSOURCE RENEWABLE ENERGY US LLC,IRVINE,CA
MERRILL LYNCH,NEW YORK,NY
J GOLDMAN & CO LP,NEW YORK,NY
SK TELECOM TMT INVESTMENT CORP,NEW YORK,NY
TWO SIGMA INVESTMENTS LLC,NEW YORK,NY
BROADHAVEN CAPITAL PARTNERS LLC,NEW YORK,NY
REVELO HOSPITALITY MGR I LLC,DALLAS,TX
CRABEL CAPITAL MANAGEMENT LLC,CHARLOTTESVILLE,VA
MATTHEWS INTERNATIONAL CAPITAL MANAGEMENT LLC,SAN FRANCISCO,CA
GRANTHAM MAYO VAN OTTERLOO & CO LLC,BOSTON,MA
CAPITAL GROUP COMPANIES GLOBAL,LOS ANGELES,CA
ABBVIE BIORESEARCH CENTER,WORCESTER,MA
DELTEC ASSET MANAGEMENT LLC,NEW YORK,NY
ALLIANZ ASSET MANAGEMENT OF AMERICA LP,SAN FRANCISCO,CA
JONES LANG LASALLE AMERICAS INC,SAN FRANCISCO,CA
RHP SOFT INC,FREMONT,CA
VISION MANAGEMENT COMPANY INC,SEATTLE,WA
AIG PC GLOBAL SERVICES INC,BROOKLYN,NY
STATE OF ARIZONA PUBLIC SAFETY PERSONNEL RETIREMENT SYSTEM,PHOENIX,AZ
STATE OF ARIZONA,PHOENIX,AZ
LARCH CAPITAL PARTNERS LLC,MIAMI,FL
EMC CORPORATION,INDIANAPOLIS,IN
SG AMERICAS SECURITIES LLC,NEW YORK,NY
SIEMENS INDUSTRY SOFTWARE INC,LIVONIA,MI
ARC CAPTIAL INC,NEW YORK,NY
COATUE MANAGEMENT LLC,NEW YORK,NY
LAZARD MIDDLE MARKET LLC,SAN FRANCISCO,CA
SURGE OPERATING LLC,HOUSTON,TX
ROCK VENTURES LLC,DETROIT,MI
NEUBERGER BERMAN GROUP LLC,NEW YORK,NY
LASALLE INVESTMENT MANAGEMENT INC,CHICAGO,IL
HANHAI INTERNATIONAL INC,SAN JOSE,CA
FOREFRONT ANALYTICS LLC,WEST CONSHOHOCKEN,PA
EASTONE CAPITAL LLC,NEW YORK,NY
FIRST COMMAND FINANCIAL SERVICES INC,FORT WORTH,TX
BRACEBRIDGE CAPITAL LLC,BOSTON,MA
FEDERAL HOME LOAN MORTGAGE CO,MCLEAN,VA
FINCA INTERNATIONAL INC,WASHINGTON,DC
FEDERAL HOME LOAN BANK OF INDIANAPOLIS,INDIANAPOLIS,IN
EMBRACE HOME LOANS INC,MIDDLETOWN,RI
ESG KULLEN LLC,NEW YORK,NY
MACKAY SHIELDS LLC,NEW YORK,NY
CAMPUS APARTMENTS LLC,PHILADELPHIA,PA
GUGGENHEIM PARTNERS INVESTMENT MANAGEMENT LLC,SANTA MONICA,CA
ENFUSION LTD LLC,CHICAGO,IL
PARTNER REINSURANCE COMPANY OF THE US,STAMFORD,CT
LFG AMERICA PTY LIMITED,NEW YORK,NY
SUPERIOR PRODUCT SUPPORT,NEW HOLLAND,PA
ITC INFOTECH (USA) INC,PARAMUS,NJ
ACRO SERVICE CORPORATION,ALBUQUERQUE,NM
CAPITALG MANAGEMENT COMPANY LLC,SAN FRANCISCO,CA
AVESTAR CAPITAL LLC,SUNNYVALE,CA
ARDIAN US LLC,NEW YORK,NY
INTERNATIONAL SCHOOL OF BROOKLYN,BROOKLYN,NY
COMMON LIVING INC,NEW YORK,NY
BREAKTHROUGH ENERGY VENTURES LLC,HOUSTON,TX
PERSHING SQUARE CAPITAL MANAGEMENT LP,NEW YORK,NY
GALAXY DIGITAL LP,NEW YORK,NY
GENIUS MINDS LLC,EAGAN,MN
MCB REAL ESTATE LLC,BALTIMORE,MD
EFOLDER INC,DENVER,CO
JLJ CAPITAL LLC,NEW YORK,NY
AES US SERVICES LLC,DAYTON,OH
TACONIC CAPITAL ADVISORS LP,NEW YORK,NY
NATIONSTAR MORTGAGE LLC,COPPELL,TX
GREENLIGHT CAPITAL INC,NEW YORK,NY
NEW YORK POWER AUTHORITY,WHITE PLAINS,NY
MERCER INVESTMENTS LLC,NEW YORK,NY
MJX ASSET MANAGEMENT LLC,NEW YORK,NY
NINETWO CONSULTING LLC,NEW YORK,NY
UBS SERVICES LLC,WEEHAWKEN,NJ
WALLICK COMPANIES LLC,COLUMBUS,OH
PUTNAM INVESTMENT MANAGEMENT LLC,BOSTON,MA
MERRITT HOSPITALITY LLC,CHICAGO,IL
QBE AMERICAS INC,PHILADELPHIA,PA
VECTORGLOBAL WMG INC,MIAMI,FL
GLOBAL PHYSICAL ASSET MANAGEMENT INC,MESA,AZ
THE VANGUARD GROUP,MALVERN,PA
THE PNC FINANCIAL SERVICES GROUP,OAKLAND,MI
ANBANG INSURANCE CENTER,SAN MARINO,CA
THE J PAUL GETTY TRUST,LOS ANGELES,CA
ATHENE ANNUITY AND LIFE COMPANY,WEST DES MOINES,IA
GREIF PACKAGING LLC,DELAWARE,OH
SDCL EE CO US LLC,NEW YORK,NY
ETHIC INC,NEW YORK,NY
GOVERNORS LANE LP,NEW YORK,NY
SHEA LABAGH DOBBERSTEIN CPAS INC,SAN FRANCISCO,CA
MAN INVESTMENTS USA HOLDINGS INC,BOSTON,MA
PARTNERS GROUP (USA) INC,BROOMFIELD,CO
AMERICAN EXPRESS TRAVEL RELATED SERVICES COMPANY INC,NEW YORK,NY
SECOR ASSET MANAGEMENT LP,NEW YORK,NY
GPI CAPITAL LP,NEW YORK,NY
AMERIPRISE FINANCIAL INC,MINNEAPOLIS,MN
KRANE FUNDS ADVISORS LLC,NEW YORK,NY
DEERE AND COMPANY,SPRINGFIELD,MO
ASAP SOLUTIONS GROUP,MIDDLETOWN,NJ
TEMA DEVELOPMENT (1988) INC,HOUSTON,TX
TOWNSEND HOLDINGS LLC,NEW YORK,NY
BEST BUY CO INC,RICHFIELD,MN
PRINCIPAL LIFE INSURANCE COMPANY,DES MOINES,IA
GIA PARTNERS LLC,NEW YORK,NY
TRAVIS HANSBERGER,BLOOMINGTON,MN
JOHN WILEY & SONS INC,HOBOKEN,NJ
ORIGIS ENERGY USA INC,AUSTIN,TX
ROTH CAPITAL PARTNERS LLC,NEW YORK,NY
NUAGE INVESTMENT REALTY LLC,NEW YORK,NY
INSIGHT NORTH AMERICA LLC,SAN FRANCISCO,CA
SAMUEL A RAMIREZ & COMPANY INC,NEW YORK,NY
JPMORGAN CHASE & CO,JERSEY CITY,NJ
SBLA ADVISERS CORPORATION,NEW YORK,NY
BOY SCOUTS OF AMERICA,IRVING,TX
AVESTA HOMES LLC,AUSTIN,TX
SLR CAPITAL PARTNERS LLC,NEW YORK,NY
FLEXSTONE PARTNERS LLC,NEW YORK,NY
JLT RE (NORTH AMERICA) INC,MIAMI,FL
INSIGHT VENTURE MANAGEMENT LLC,NEW YORK,NY
AV CAPITAL MANAGEMENT LLC,MOUNTAIN VIEW,CA
CALIFORNIA PUBLIC EMPLOYEES' RETIREMENT SYSTEM,SACRAMENTO,CA
TECHNOVISION SOLUTION LLC,JACKSONVILLE,FL
DEAN II INC,TORRANCE,CA
THE NATURE CONSERVANCY,EAST TROY,WI
AMERICAN BANKERS INSURANCE COMPANY OF FLORIDA,ATLANTA,GA
WOLVERINE TRADING LLC,CHICAGO,IL
NATIONAL SECURITIES CORPORATION,NEW YORK,NY
JMP SECURITIES LLC,NEW YORK,NY
PARAMOUNT FUND LLC,FORT LAUDERDALE,FL
BEARS MANAGEMENT GROUP LLC,BOCA RATON,FL
CMFG LIFE INSURANCE COMPANY,MADISON,WI
BREMER BANK NATIONAL ASSOCIATION,LAKE ELMO,MN
PERMIRA ADVISERS LLC,MENLO PARK,CA
AFLAC ASSET MANAGEMENT LLC,NEW YORK,NY
NITHIO HOLDINGS INC,WASHINGTON,DC
SEQUOIA CAPITAL OPERATIONS LLC,MENLO PARK,CA
CALEDONIA US LP,NEW YORK,NY
FMR CO INC,BOSTON,MA
WALTON ENTERPRISES LLC,JERSEY CITY,NJ
EQUALOCEAN INTERNATIONAL INC,NEW YORK,NY
LEND LEASE US SERVICES INC,SUNNYVALE,CA
COOPERATIEVE RABOBANK UA,NEW YORK,NY
INTERMEDE GLOBAL PARTNERS INC,SAN FRANCISCO,CA
1907 MANAGEMENT LP,NAPLES,FL
AIG ASSET MANAGEMENT (US) LLC,NEW YORK,NY
LONE PINE CAPITAL LLC,GREENWICH,CT
TROG HAWLEY CAPITAL LLC,WEST PALM BEACH,FL
ERP ANALYSTS INC,ADEL,IA
BARR CREDIT SERVICES INCC,TUCSON,AZ
US OCG INC,LOS ANGELES,CA
HAGEMAN GROUP LLC,CARMEL,IN
GENERAL MOTORS COMPANY,WARREN,MI
THE COLONY GROUP LLC,LOS ANGELES,CA
DRESSER-RAND COMPANY,OLEAN,NY
GOTION INC,FREMONT,CA
HUMAC INC,FORT MILL,SC
SHELL INTERNATIONAL EXPLORATION AND PRODUCTION INC,HOUSTON,TX
TALISKER VENTURES LLC,NEWPORT BEACH,CA
BROOKSTONE PARTNERS IAC INC,NEW YORK,NY
FORD MOTOR COMPANY,FARMINGTON,MI
POLARIS CAPITAL MANAGEMENT LLC,BOSTON,MA
CHARLES SCHWAB AND COMPANY INC,WESTLAKE,TX
SANTANDER BANK NA,BOSTON,MA
FIRST REPUBLIC BANK,SAN FRANCISCO,CA
EVERBANK,JACKSONVILLE,FL
MIZUHO SECURITIES USA LLC,NEW YORK,NY
THEATRO LABS INC,RICHARDSON,TX
ADROIT ASSOCIATES INC,BOSTON,MA
SLATE PROPERTY GROUP LLC,NEW YORK,NY
COLLER CAPITAL INC,NEW YORK,NY
TUDOR INVESTMENT CORPORATION,GREENWICH,CT
HERSHA HOSPITALITY MANAGEMENT LP,PHILADELPHIA,PA
TECHNIPFMC USA INC,HOUSTON,TX
MICROSOFT CORPORATION,MOUNTAIN VIEW,CA
SUNPOWER CORPORATION,SAN JOSE,CA
GFG SECURITIES LLC,MIAMI,FL
WESTFIELD LLC,LOS ANGELES,CA
DODGE CITY COMMUNITY COLLEGE,DODGE CITY,KS
HNA GROUP NORTH AMERICA LLC,NEW YORK,NY
CALVERT IMPACT CAPITAL INC,BETHESDA,MD
INTL FCSTONE INC,NEW YORK,NY
ALLEN BARRON INC,SAN DIEGO,CA
GREYSTAR MANAGEMENT SERVICES LP,CHARLESTON,SC
MPG OPERATIONS LLC,NEW YORK,NY
TILLMAN GLOBAL HOLDINGS LLC,NEW YORK,NY
MUSKET CORPORATION,HOUSTON,TX
MADISON PARK GROUP LLC,NEW YORK,NY
CONNECTICUT INNOVATIONS,NEW HAVEN,CT
LEXICAL INTELLIGENCE LLC,BETHESDA,MD
HONGKUN USA REAL ESTATE DEVELOPMENT LLC,NEW YORK,NY
GLOBAL X MANAGEMENT COMPANY LLC,NEW YORK,NY
BOSTON TRUST WALDEN COMPANY,BOSTON,MA
IBM CORPORATION,EAST LANSING,MI
ARROWMARK COLORADO HOLDINGS LLC,DENVER,CO
EDF TRADING NORTH AMERICA LLC,HOUSTON,TX
TRADE TERMINAL INC,SAN JOSE,CA
CKR LAW LLP,NEW YORK,NY
FACEBOOK INC,MENLO PARK,CA
CHICAGO MERCANTILE EXCHANGE INC,EDISON,NJ
THE FEDERAL HOME LOAN BANK OF INDIANAPOLIS,INDIANAPOLIS,IN
EAST WEST BANK,PASADENA,CA
ECLIPSE VENTURES LLC,PALO ALTO,CA
FARALLON CAPITAL MANAGEMENT LLC,SAN FRANCISCO,CA
WOOD MACKENZIE INC,HOUSTON,TX
GRANITE POINT MORTGAGE TRUST INC,NEW YORK,NY
ULLICO MANAGEMENT COMPANY,SILVER SPRING,MD
RUSSELL INVESTMENTS GROUP INC,SEATTLE,WA
THE NORTHERN TRUST COMPANY,CHICAGO,IL
NEW CHINA CAPITAL MANAGEMENT CORP,STAMFORD,CT
VIGNA INC,SCHAUMBURG,IL
FR CAPITAL HOLDINGS LP,SAN FRANCISCO,CA
BLEAKLEY SCHWARTZ COONEY & FINNEY LLC,FAIRFIELD,NJ
ANTHEM INC,CHICAGO,IL
BUNGE NORTH AMERICA INC,CHESTERFIELD,MO
WSP USA INC,NEW YORK,NY
WESTBRIDGE CAPITAL US ADVISORS LLC,SAN MATEO,CA
HANWHA HOLDINGS USA INC,TEANECK,NJ
TRUSTEES OF PHILLIPS ACADEMY,ANDOVER,MA
SMBC CAPITAL MARKETS INC,NEW YORK,NY
MINDROCK LLC,SAN FRANCISCO,CA
APWIRELESS INFRASTRUCTURE PARTNERS LLC,SAN DIEGO,CA
CALIBER HOME LOANS,IRVING,TX
AMP CAPITAL INVESTORS (US) LTD,NEW YORK CITY,NY
US BANK NATIONAL ASSOCIATION,ROCHESTER,MN
PACIFIC ASIAN CONSORTIUM IN EMPLOYMENT,LOS ANGELES,CA
FOREST CREEK CAPITAL LLC,MCKINNEY,TX
CONOCOPHILLIPS COMPANY,HOUSTON,TX
TRUIST BANK,CHARLOTTE,NC
VERITION GROUP LLC,GREENWICH,CT
ARROWGRASS CAPITAL PARTNERS (US) LP,NEW YORK,NY
GOOGLE LLC,NEW YORK,NY
BARCLAYS SERVICES CORP,WHIPPANY,NJ
GREENTECH CAPITAL ADVISORS LLC,NEW YORK,NY
IFC ASSET MANAGEMENT COMPANY LLC,WASHINGTON,DC
GUGGENHEIM PARTNERS INVESTMENT MANAGEMENT HOLDINGS LLC,NEW YORK,NY
KYLIN MANAGEMENT LLC,NEW YORK,NY
BALYASNY ASSET MANAGEMENT LP,NEW YORK,NY
ABERDEEN STANDARD INVESTMENTS INC,NEW YORK,NY
THE HILLMAN COMPANY,PITTSBURGH,PA
WESTLAKE VENTURES LLC,SAN MATEO,CA
NOAH GOPHER CAPITAL ADVISORS LLC,NEW YORK,NY
CARTICA MANAGEMENT LLC,WASHINGTON,DC
FIDELITY SERVICE COMPANY INC,WESTLAKE,TX
UNIVEST SECURITIES LLC,NEW YORK,NY
PINE RIVER CAPITAL MANAGEMENT LP,AUSTIN,TX
MORNINGSTAR INVESTMENT MANAGEMENT LLC,CHICAGO,IL
MAGNIFI LLC,BOULDER,CO
PAYPAL INC,HOUSTON,TX
NEPHILA ADVISORS LLC,LARKSPUR,CA
JANUS MANAGEMENT HOLDINGS CORPORATION,DENVER,CO
COWEN INC,ALPHARETTA,GA
IVY KOIN LLC,LOS ANGELES,CA
APIFINY GROUP INC,NEW YORK,NY
XENITH BANK,MCLEAN,VA
MADISON ENERGY HOLDINGS LLC,NEW YORK,NY
FAROPOINT VENTURES LLC,HOBOKEN,NJ
AGFUNDER INC,SAN FRANCISCO,CA
ANGEL OAK CAPITAL ADVISORS LLC,ATLANTA,GA
WORLDQUANT LLC,NEW YORK,NY
UNILEVER UNITED STATES INC,ENGLEWOOD CLIFFS,NJ
USA EB5 IMMIGRATION LLC,BETHESDA,MD
FNY CAPITAL MANAGEMENT LP,NEW YORK,NY
MUNICH RE VENTURES LLC,SAN FRANCISCO,CA
COLUMBIA MANAGEMENT INVESTMENT ADVISERS LLC,BOSTON,MA
DYNAMIC HOLDING LLC,CHICAGO,IL
SOUTHERN WIND INVESTMENT INC,MIAMI,FL
ROBERT W BAIRD & CO INCORPORATED,MILWAUKEE,WI
SECURITY BENEFIT CORPORATION,TOPEKA,KS
ANCHOR LOANS LP,CALABASAS,CA
RAYMOND JAMES & ASSOCIATES INC,RICHMOND,VA
VERTEX MANAGEMENT INC,SAN FRANCISCO,CA
AMERICAN CENTURY INVESTMENT MANAGEMENT INC,MOUNTAIN VIEW,CA
GE CAPITAL US HOLDINGS INC,IRVING,TX
BNY MELLON NATIONAL ASSOCIATION,SAN FRANCISCO,CA
TREXQUANT MANAGEMENT LLC,STAMFORD,CT
CIBC WORLD MARKETS CORP,NEW YORK,NY
CAPSTONE CORPORATE FINANCE LLC,BOSTON,MA
ARCUS TECHNOLOGIES DBA KAT TECH SYSTEMS INC,JERSEY CITY,NJ
WHITRIDGE ASSOCIATES INC,QUINCY,MA
ELEVATE CREDIT SERVICE LLC,ADDISON,TX
COMMONBOND INC,NEW YORK,NY
IOG CAPITAL LP,DALLAS,TX
CORTLAND PARTNERS LLC,ATLANTA,GA
EAGLE POINT CREDIT MANAGEMENT LLC,GREENWICH,CT
LOOMIS SAYLES & COMPANY LP,BOSTON,MA
M3F INC,SALT LAKE CITY,UT
SIGULER GUFF & COMPANY LP,NEW YORK,NY
ABS INVESTMENT MANAGEMENT LLC,GREENWICH,CT
SVB LEERINK LLC,SAN FRANCISCO,CA
GCA ADVISORS LLC,NEW YORK,NY
THE LIND PARTNERS LLC,NEW YORK CITY,NY
DAN COMBS INSURANCE AGENCY INC,DALTON,GA
TOORAK CAPITAL PARTNERS LLC,SUMMIT,NJ
NUTRASUMMA INC,PHOENIX,AZ
MARSHALL WACE NORTH AMERICA LP,NEW YORK,NY
RBC CAPITAL MARKETS LLC,NEW YORK,NY
OPEN SOCIETY INSTITUTE,NEW YORK,NY
AON CONSULTING INC,NORTHVILLE,MI
THE BANK OF NEW YORK MELLON,NEW YORK,NY
AUCTUS FUND MANAGEMENT LLC,BOSTON,MA
THE HARTFORD STEAM BOILER INSPECTION AND INSURANCE COMPANY,SAN FRANCISCO,CA
INSIDER INC,NEW YORK,NY
CADWALADER WICKERSHAM & TAFT LLP,NEW YORK,NY
CHEVRON CORPORATION,HOUSTON,TX
ANCIENT ART LP,DALLAS,TX
EDP RENEWABLES NORTH AMERICA LLC,HOUSTON,TX
OTTER PRODUCTS LLC,FORT COLLINS,CO
STATE STREET BANK AND TRUST COMPANY,BOSTON,MA
14 W ADMINISTRATIVE SERVICES LLC,BALTIMORE,MD
LMR PARTNERS LLC,NEW YORK,NY
LANDSBERG BENNETT & DUBBANEH LLC,PUNTA GORDA,FL
JS CAPITAL MANAGEMENT LLC,NEW YORK,NY
RIVER REGION CARDIOLOGY ASSOCIATES PC,MONTGOMERY,AL
CARDIFF PARK ADVISORS LLC,CARLSBAD,CA
CUBIST SYSTEMATIC STRATEGIES LLC,NEW YORK,NY
MASSACHUSETTS MUTUAL LIFE INSURANCE COMPANY,NEW YORK,NY
SYMETRA LIFE INSURANCE COMPANY,BELLEVUE,WA
INFRARED CAPITAL PARTNERS (US) LLC,NEW YORK,NY
AIG EMPLOYEE SERVICES INC,NEW YORK,NY
PRODUCE PAY INC,LOS ANGELES,CA
LB EQUITY EMERGING GROWTH LP,NEW YORK,NY
TAIYO PACIFIC PARTNERS LP,KIRKLAND,WA
GRAHAM CAPITAL MANAGEMENT LP,ROWAYTON,CT
THE JORDAN EDMISTON GROUP INC,NEW YORK,NY
COMERICA MANAGEMENT COMPANY,AUBURN HILL,MI
HOLOCENE ADVISORS LP,NEW YORK,NY
BLUEMOUNTAIN CAPITAL MANAGEMENT LLC,NEW YORK,NY
GRANTHAM MAYO VAN OTTERLOO AND COMPANY LLC,BOSTON,MA
REDDIT INC,TROY,MI
BRAHMAN CAPITAL CORP,NEW YORK,NY
TILDEN PARK CAPITAL MANAGEMENT LP,NEW YORK,NY
THE GREENWICH GROUP INTERNATIONAL LLC,SARATOGA SPRINGS,NY
DEAN II INC,TORRANCE,CA
HSBC SECURITIES (USA) INC,NEW YORK,NY
MARATHON CAPITAL LLC,CHICAGO,IL
PICUS CAPITAL AMERICAS CORPORATION,NEW YORK,NY
ARPU RESEARCH LABS LLC,SAN FRANCISCO,CA
CITIGROUP GLOBAL MARKETS INC,GETZVILLE,NY
WOODLAKE ADVISORS LLC,NEW YORK,NY
CARILION SERVICES INC,ROANOKE,VA
ASSET CONTROL SYSTEMS INC,NEW YORK,NY
ALPHA SQUARE GROUP S LLC,NEW YORK,NY
MARGARET A CARGILL PHILANTHROPIC SERVICES LLC,EDEN PRAIRIE,MN
PRIDE TECHNOLOGIES LLC,WOODBRIDGE TOWNSHIP,NJ
BAYVIEW ASSET MANAGEMENT LLC,CORAL GABLES,FL
MERCURIA ENERGY TRADING INC,HOUSTON,TX
FIRST IN LINE ENTERPRISES INC,BURLINGAME,CA
BLUECREST CAPITAL MANAGEMENT (NEW YORK) LP,NEW YORK,NY
VIDARIS INC,NEW YORK,NY
CONSENSYS INC,BROOKLYN,NY
I SQUARED CAPITAL ADVISORS (US) LLC,MIAMI,FL
GOLDEN IVY MARKETING INC,IRVINE,CA
INTRACORP NW LLC,SEATTLE,WA
INTERNATIONAL PAPER,MEMPHIS,TN
DUMAC INC,DURHAM,NC
3V SOURCEONE VENTURES FUND LP,LEXINGTON,MA
WINTHROP CAPITAL MANAGEMENT LLC,INDIANAPOLIS,IN
THIESS MINING USA INC,OGDEN,UT
MUZINICH & CO INC,NEW YORK,NY
NORTHWESTERN MEMORIAL HEALTHCARE,CHICAGO,IL
HATHERSAGE CAPITAL MANAGEMENT LLC,NEW YORK,CT
NIPUN CAPITAL LP,FOSTER CITY,CA
INTELLIPRO GROUP INC,SANTA CLARA,CA
GEMDALE USA CORPORATION,PASADENA,CA
THE DERMOT COMPANY LP,NEW YORK,NY
PLANTRONICS INC,AUSTIN,TX
GOLDENTREE ASSET MANAGEMENT LP,NEW YORK,NY
INVESCO GROUP SERVICES INC,ATLANTA,GA
LIGHTSMITH GROUP LLC,NEW YORK,NY
AH CAPITAL MANAGEMENT LLC,MENLO PARK,CA
DA DAVIDSON & CO,NEW YORK,NY
EXODUSPOINT CAPITAL MANAGEMENT LP,NEW YORK,NY
PLATINUM ARC LLC,NEW YORK,NY
ALLSPRING GLOBAL INVESTMENTS LLC,SAN FRANCISCO,CA
VIRTU FINANCIAL OPERATING LLC,BOSTON,MA
RGA ENTERPRISE SERVICES COMPANY,CHESTERFIELD,MO
ISOLVERS INC,SAN JOSE,CA
LUCY LABS INC,VALHALLA,NY
QIC US INVESTMENT SERVICES INC,EL SEGUNDO,CA
ARISTOCRAT TECHNOLOGIES INC,RENO,NV
QBE INSURANCE CORPORATION,NEW YORK,NY
SAPLING CAPITAL LLC,SAN FRANCISCO,CA
GOAL INVESTMENT GROUP INC,SAN DIEGO,CA
THE ROCKEFELLER FOUNDATION,NEW YORK,NY
DORSAL CAPITAL MANAGEMENT LLC,REDWOOD CITY,CA
NOAH US LLC,MENLO PARK,CA
ONE TUSK INVESTMENT PARTNERS LP,NEW YORK,NY
MAGNUS FINANCIAL GROUP LLC,NEW YORK,NY
GOLDWIND USA INC,CHICAGO,IL
CIT BANK NA,PHOENIX,AZ
THE CLEVELAND FOUNDATION INC,CLEVELAND,OH
AVANTAX WEALTH MANAGEMENT INC,DALLAS,TX
OLD NATIONAL BANK,EVANSVILLE,IN
REGIONS BANK,BIRMINGHAM,AL
EASTRIDGE PACIFIC HOLDINGS LLC,PLEASANTON,CA
UBS AG,NEW YORK,NY
ABVEN SERVICES INC,PALO ALTO,CA
BANYAN INFRASTRUCTURE CORP,SAN FRANCISCO,CA
WILLIAM H GATES III,KIRKLAND,WA
SHASTA VENTURES MANAGEMENT LLC,MENLO PARK,CA
WILLIAM BLAIR INVESTMENT MANAGEMENT LLC,CHICAGO,IL
ONELIN CAPITAL CORPORATION,SAN JOSE,CA
DOEREN MAYHEW TEXAS PLLC,HOUSTON,TX
HOME CREDIT US LLC,OVERLAND PARK,KS
WATEREQUITY INC,ARLINGTON,VA
KELVIN A CREYTS,FAIRFAX,VA
COMPLETE GENOMICS INC,SAN JOSE,CA
UBS BUSINESS SOLUTIONS US LLC,NEW YORK,NY
ELECTRONIC ARTS-TIBURON A FLORIDA CORPORATION,ORLANDO,FL
CRESCENDO ASSET MANAGEMENT LLC,MIAMI,FL
UBS FINANCIAL SERVICES INC,WEEHAWKEN,NJ
PANTHEON VENTURES (US) LP,NEWARK,CA
INDUSTRIAL AND COMMERCIAL BANK OF CHINA LIMITED,NEW YORK,NY
AJDEV LLC,RICHARDSON,TX
GQG PARTNERS LLC,FORT LAUDERDALE,FL
PEGASUS TECH VENTURES INC,SAN JOSE,CA
NORTHWESTERN MUTUAL LIFE INSURANCE COMPANY,MILWAUKEE,WI
POPULUS GROUP LLC,BARTLESVILLE,OK
IIG WIRELESS INC,GARDEN GROVE,CA
BMO CAPITAL MARKETS CORP,NEW YORK,NY
LUKOIL PAN AMERICAS LLC,HOUSTON,TX
MUFG UNION BANK NA,LOS ANGELES,CA
CLEARESULT CONSULTING INC,WESTBOROUGH,MA
HOULIHAN LOKEY INC,LOS ANGELES,CA
FA DC LLC,NEW YORK,NY
IBM INDIA PRIVATE LIMITED,ST. LOUIS,MO
BRYAN GARNIER SECURITIES LLC,NEW YORK,NY
CANDLESTICK CAPITAL MANAGEMENT LP,NEW YORK,NY
VIKING GLOBAL INVESTORS LP,NEW YORK,NY
SPIRIT REALTY CAPITAL INC,SCOTTSDALE,AZ
VISTANA VACATION OWNERSHIP INC,ORLANDO,FL
BOENNING & SCATTERGOOD INC,BEACHWOOD,OH
BANK OF THE WEST,TEMPE,AZ
CA SENIOR LIVING LLC,CHICAGO,IL
STARPOINT SOLUTIONS,MARLBOROUGH,MA
SIRI INFOSOLUTIONS INC,CANONSBURG,PA
BLUE COLLECTIVE LLC,BROOKLYN,NY
IMPERII STRATEGIES LLC,NEW YORK,NY
NOBLE ENERGY INC,MIDLAND,TX
SB GROUP US INC,NEW YORK,NY
NETPOSA INC,MOUNTAIN VIEW,CA
THE DERMOT COMPANY LP,NEW YORK,NY
TITAN GLOBAL CAPITAL MANAGEMENT INC,NEW YORK,NY
BEST BAY APARTMENTS INC,OAKLAND,CA
BUNGE MANAGEMENT SERVICES INC,WHITE PLAINS,NY
CEPRES CORP,HOBOKEN,NJ
JACKSON SQUARE AVIATION LLC,SAN FRANCISCO,CA
MIO PARTNERS INC,NEW YORK,NY
WALLEYE CAPITAL LLC,NEW YORK,NY
BERKSHIRE PARTNERS LLC,BOSTON,MA
CENTIVA CAPITAL LP,NEW YORK,NY
SCHONFELD STRATEGIC ADVISORS LLC,NEW YORK,NY
EXELON GENERATION COMPANY LLC,BALTIMORE,MD
PT FINANCIAL COMPANIES LLC,CHICAGO,IL
ORION RESOURCE PARTNERS USA LP,NEW YORK,NY
NORTH STAR BLUESCOPE STEEL LLC,DELTA,OH
THE PNC FINANCIAL SERVICES GROUP INC,PITTSBURGH,PA
FJ LABS INC,CAMBRIDGE,MA
BROOKFIELD BHS ADVISORS LLC,NEW YORK,NY
AMERICAN PACIFIC GROUP LP,LARKSPUR,CA
JACKSON SQUARE AVIATION LLC,SAN FRANCISCO,CA
CHINA CONSTRUCTION AMERICA OF SOUTH CAROLINA INC,SEALY,TX
SUNTRUST BANKS INC,ATLANTA,GA
MAST TECHNOLOGY SERVICES INC,COLUMBUS,OH
CITIZENS FINANCIAL GROUP INC,JOHNSTON,RI
SERVICENOW INC,SANTA CLARA,CA
ACCION INTERNATIONAL INC,CAMBRIDGE,MA
TOOLBOX RESOURCES LLC,BOSTON,MA
CAPSTONE INVESTMENT ADVISORS LLC,NEW YORK,NY
CLEARY GOTTLIEB STEEN & HAMILTON LLP,NEW YORK,NY
DIVERSANT LLC,MONROE TOWNSHIP,NJ
COWEN AND COMPANY LLC,NEW YORK,NY
ADS ALLIANCE DATA SYSTEMS INC,JAMAICA PLAIN,MA
MUFSON HOWE HUNTER & COMPANY LLC,PHILADELPHIA,PA
ASPEN ML LLC,BEAVERTON,OR
NYRSTAR TENNESSEE MINES - STRAWBERRY PLAINS LLC,STRAWBERRY PLAINS,TN
LENDINGCLUB CORPORATION,BOSTON,MA
HARBOURVEST PARTNERS LLC,BOSTON,MA
CLOUDWICK TECHNOLOGIES INC,CHARLOTTE,NC
THE ROCK CREEK GROUP LLC,WASHINGTON,DC
ACR CAPITAL LLC,NEW YORK,NY
POLYCOM INC,AUSTIN,TX
AGA FINCORP INC,CHICAGO,IL
ACE AMERICAN INSURANCE COMPANY,PHILADELPHIA,PA
IHS GLOBAL INC,ENGLEWOOD,CO
LIONTREE LLC,NEW YORK,NY
CONVENTUS LLC,SAN FRANCISCO,CA
FIRST EAGLE INVESTMENT MANAGEMENT LLC,NEW YORK,NY
AFRICAN DISCOVERY GROUP INC,NEW YORK,NY
SPRUCE HOUSE INVESTMENT MANAGEMENT LLC,NEW YORK,NY
LOEB & LOEB LLP,NEW YORK,NY
HILDENE CAPITAL MANAGEMENT LLC,STAMFORD,CT
NEVADA POWER COMPANY,LAS VEGAS,NV
SEAPORT GLOBAL HOLDINGS LLC,NEW YORK,NY
LONG VENTURE PARTNERS MANAGEMENT LLC,SAN FRANCISCO,CA
LINDE GAS NORTH AMERICA LLC,BETHLEHEM,PA
SANOFI US SERVICES INC,BRIDGEWATER,NJ
TRIGYN TECHNOLOGIES INC,NEW YORK,NY
BANK OZK,DALLAS,TX
NUMERIX LLC,NEW YORK,NY
SALESFORCECOM INC,CHICAGO,IL
TIGER GLOBAL MANAGEMENT LLC,NEW YORK,NY
PACIFIC INVESTMENT MANAGEMENT COMPANY LLC,NEW YORK,NY
PWP EMPLOYER LP,NEW YORK,NY
EMIL CAPITAL PARTNERS LLC,GREENWICH,CT
DEUTSCHE LEASING USA INC,CHICAGO,IL
LS POWER DEVELOPMENT LLC,NEW YORK,NY
TOWER RESEARCH CAPITAL LLC,NEW YORK,NY
JOHN LAING (USA) LIMITED,MAITLAND,FL
SG AMERICAS OPERATIONAL SERVICES LLC,JERSEY CITY,NJ
PINNACLEAIS ENGINEERING LLC,PASADENA,TX
ANADARKO PETROLEUM CORPORATION,THE WOODLANDS,TX
PROSPER MARKETPLACE INC,SAN FRANCISCO,CA
PINEBRIDGE INVESTMENTS LLC,NEW YORK,NY
LGL PARTNERS LLC,PALM BEACH,FL
EBAY INC,AUSTIN,TX
BROKEN HILL PROPRIETARY (USA) INC,HOUSTON,TX
APPLE INC,SEATTLE,WA
EQUITY INTERNATIONAL MANAGEMENT LLC,CHICAGO,IL
LAFAYETTE COLLEGE,EASTON,PA
OLD MISSION CAPITAL LLC,CHICAGO,IL
PARTNERS GROUP USA (INC),NEW YORK,NY
BELLWETHER CONSULTING LLC,MILLBURN,NJ
SOMA CAPITAL MANAGEMENT LLC,WASHINGTON D.C.,DC
DIMENSIONAL FUND ADVISORS LP,AUSTIN,TX
MARKIT NORTH AMERICA INC,NEW YORK,NY
BOSTON ENERGY TRADING AND MARKETING LLC,BOSTON,MA
CHINA MERCHANTS BANK CO LTD,NEW YORK,NY
PROVIDENCE STRATEGIC GROWTH CAPITAL PARTNERS LLC,BOSTON,MA
ENERGY IMPACT PARTNERS LP,NEW YORK,NY
ARCHEGOS CAPITAL MANAGEMENT LP,NEW YORK,NY
NRG ENERGY INC,HOUSTON,TX
HEXAGON MINING INC,TUCSON,AZ
PARE MANAGEMENT LLC,NORTH MIAMI BEACH,FL
INVESTURE LLC,CHARLOTTESVILLE,VA
LVM CAPITAL MANAGEMENT LTD,PORTAGE,MI
THE BLACKSTONE GROUP,NEW YORK,NY
CIM GROUP LP,LOS ANGELES,CA
CROWN CASTLE USA INC,CANONSBURG,PA
NETEASE INFORMATION TECHNOLOGY CORPORATION,BRISBANE,CA
AEGON USA REALTY ADVISORS LLC,CORALVILLE,IA
LOOMIS SAYLES AND COMPANY LP,BOSTON,MA
FOROS ADVISORS LLC,NEW YORK,NY
PARADICE INVESTMENT MANAGEMENT LLC,SAN RAMON,CA
TOWERS WATSON INVESTMENT SERVICES INC,NEW YORK,NY
SVIG INSURANCE CENTER,SAN MARINO,CA
BANNER LIFE INSURANCE CO,STAMFORD,CT
IDEO LP,SAN FRANCISCO,CA
AUA PRIVATE EQUITY PARTNERS LLC,NEW YORK,NY
EMERSON COLLECTIVE LLC,PALO ALTO,CA
MOTOROLA SOLUTIONS INC,SCHAUMBURG,IL
TRADELINK LLC,CHICAGO,IL
SWISS RE MANAGEMENT (US) CORPORATION,ARMONK,NY
ASPIRATION PARTNERS INC,PORTLAND,OR
PARAMETRIC PORTFOLIO ASSOCIATES LLC,MINNEAPOLIS,MN
BLOOMBERG LP,NEW YORK,NY
AGTEXAS FLCA,AMARILLO,TX
VISION MANAGEMENT COMPANY INC,SEATTLE,WA
SOLARCITY CORPORATION,SAN MATEO,CA
AMERICAN CREDIT ACCEPTANCE LLC,SPARTANBURG,SC
SCHRODER INVESTMENT MANAGEMENT NORTH AMERICA INC,NEW YORK,NY
UNIVERSITY OF VIRGINIA INVESTMENT MANAGEMENT CO,CHARLOTTESVILLE,VA
LEND LEASE US SERVICES INC,SUNNYVALE,CA
ARGO INFRASTRUCTURE PARTNERS LLC,NEW YORK,NY
GLOVISTA INVESTMENTS LLC,JERSEY CITY,NJ
FEDERAL-MOGUL MOTORPARTS LLC,SKOKIE,IL
FORT LP,CHEVY CHASE,MD
FIDELITY MANAGEMENT & RESEARCH COMPANY LLC,BOSTON,MA
CREDIT AGRICOLE CORPORATE AND INVESTMENT BANK,MIAMI,FL
BARRON INTERNATIONAL GROUP LLC,NEW YORK,NY
RICE DERIVATIVE HOLDINGS LP,NEW YORK,NY
TWO HARBORS INVESTMENT CORP,NEW YORK,NY
SOCIETE GENERALE,NEW YORK,NY
DARSANA CAPITAL PARTNERS LP,NEW YORK,NY
PROJECT M VENTURES LLC,ORINDA,CA
CAPRICORN ADVISERS LLC,NEW YORK,NY
AP WIRELESS INFRASTRUCTURE PARTNERS LLC,SAN DIEGO,CA
BGC PARTNERS INC,NEW YORK,NY
CITIGROUP ENERGY INC,HOUSTON,TX
HUDSON VALLEY PROPERTY GROUP LLC,NEW YORK,NY
TD SECURITIES (USA) LLC,NEW YORK,NY
BANK OF AMERICA NA,NEW YORK,NY
AVANTAX WEALTH MANAGMENT INC,DALLAS,TX
CIGNA HEALTH & LIFE INSURANCE COMPANY,DENVER,CO
AIMBRIDGE EMPLOYEE SERVICE CORP,PLANO,TX
EAST WIND ADVISORS LLC,NEW YORK,NY
AMP CAPITAL INVESTORS (US) LIMITED,CHICAGO,IL
THE HUNTINGTON NATIONAL BANK,COLUMBUS,OH
DEPOSITORY TRUST COMPANY OF DELAWARE LLC,WILMINGTON,DE
MASSACHUSETTS FINANCIAL SERVICES COMPANY,BOSTON,MA
COLUMBIA PARTNERS NEW YORK LLC,NEW YORK,NY
THE PRUDENTIAL INSURANCE COMPANY OF AMERICA,NEWARK,NJ
BTIG LLC,NEW YORK,NY
PT ASSET MANAGEMENT LLC,CHICAGO,IL
CHAI TRUST COMPANY LLC,CHICAGO,IL
PARLEY LLC,NEW YORK,NY
EARNEST LLC,SAN FRANCISCO,CA
ON DECK CAPITAL INC,NEW YORK,NY
CENTENNIAL BANK,CONWAY,AR
GREYSTONE SERVICING COMPANY LLC (F/K/A GREYSTONE SERVICING CORPORATION INC),NEW YORK,NY
AMERICAN GENERAL LIFE INSURANCE COMPANY,HOUSTON,TX
SUN LIFE FINANCIAL (US) SERVICES COMPANY INC,WELLESLEY HILLS,MA
ERIE INDEMNITY COMPANY,ERIE,PA
APOLLO MANAGEMENT HOLDINGS LP,NEW YORK,NY
SHELL INTERNATIONAL EXPLORATION AND PRODUCTION INC,HOUSTON,TX
PROLOGIS MANAGEMENT LLC,DENVER,CO
GLAXOSMITHKLINE LLC,SOUTH SAN FRANCISCO,CA
AON INVESTMENTS USA INC,CHICAGO,IL
GUGGENHEIM CREDIT SERVICES LLC,SANTA MONICA,CA
JONES ROAD CAPITAL MANAGEMENT LP,NEW YORK,NY
INCLUSIVE CAPITAL PARTNERS LP,SAN FRANCISCOC,CA
JEFFERIES LLC,JERSEY CITY,NJ
CINNAIRE CORPORATION,GRANGER,IN
CITY NATIONAL BANK,GLENDALE,CA
TWO SIGMA INVESTMENTS LP,NEW YORK,NY
CAPGEMINI AMERICA INC,PISCATAWAY,NJ
PAYCOR INC,LIVONIA,MI
AKSIA LLC,NEW YORK,NY
EARNEST INC,SAN FRANCISCO,CA
SPRUCEVIEW CAPITAL PARTNERS LLC,NEW YORK,NY
TRISPAN USA LLC,NEW YORK,NY
SCGE MANAGEMENT LP,MENLO PARK,CA
FIRST COMMAND FINANCIAL SERVICES INC,FORT WORTH,TX
UNUM GROUP,PORTLAND,ME
GENENTECH INC,SOUTH SAN FRANCISCO,CA
EJF CAPITAL LLC,ARLINGTON,VA
AMICA MUTUAL INSURANCE COMPANY,LINCOLN,RI
V CAPITAL REAL ESTATE ASSET MANAGEMENT,JERSEY CITY,NJ
GENERAL ELECTRIC INTERNATIONAL INC,SCHENECTADY,NY
SG AMERICAS OPERATIONAL SERVICES INC,JERSEY CITY,NJ
EMS CAPITAL LP,NEW YORK,NY
WILSHIRE ASSOCIATES INCORPORATED,SANTA MONICA,CA
KENNECOTT UTAH COPPER LLC,BINGHAM CANYON,UT
DOLL CAPITAL MANAGEMENT INC,MENLO PARK,CA
FINANCIAL ENGINES INC,PHOENIX,AZ
CASTLE LANTERRA PROPERTIES LLC,SUFFERN,NY
TEXAS CHILDREN'S HOSPITAL,HOUSTON,TX
SB INVESTMENT ADVISERS US INC,SAN CARLOS,CA
CALIFORNIA INSTITUTE OF TECHNOLOGY,PASADENA,CA
SEPIO CAPITAL LP,ALAMO,CA
THE COCA-COLA COMPANY,ATLANTA,GA
TEZA TECHNOLOGIES LLC,CHICAGO,IL
CONSERVATION INTERNATIONAL,ARLINGTON,VA
TIBER CAPITAL GROUP LLC,VIENNA,VA
DWS INVESTMENT MANAGEMENT AMERICAS INC,NEW YORK,NY
AMGEN INCORPORATED,THOUSAND OAKS,CA
ORBIT SYSTEMS INC,COLUMBUS,OH
SIEMENS MOBILITY INC,SACRAMENTO,CA
CITICORP NORTH AMERICA INC,COLUMBUS,OH
ZGC CAPITAL CORPORATION,SANTA CLARA,CA
40/86 ADVISORS INC,CARMEL,IN
PENCE WEALTH MANAGEMENT INCORPORATED,NEWPORT BEACH,CA
LANDMARK VENTURES USA INC,NEW YORK,NY
MORNINGSTAR INC,CHICAGO,IL
CAMBRIDGE ASSOCIATES LLC,BOSTON,MA
ABRY PARTNERS II LLC,BOSTON,MA
SB INVESTMENT ADVISERS (US) INC,SAN CARLOS,CA
ALBOURNE AMERICA LLC,NORWALK,CT
GOTHAM ASSET MANAGEMENT LLC,NEW YORK,NY
DELL MARKETING LP,HOPKINTON,MA
TRIBRIDGE RESIDENTIAL LLC,ATLANTA,GA
HOUND PARTNERS LLC,NEW YORK,NY
CVS PHARMACY INC,CUMBERLAND,RI
ANNEXUS MANAGEMENT COMPANY LLC,SCOTTSDALE,AZ
NBCUNIVERSAL MEDIA LLC,UNIVERSAL CITY,CA
GREENPOINT GROUP LP,NEW YORK,NY
MSCI INC,NEW YORK,NY
PROGRESSIVE CASUALTY INSURANCE COMPANY,SAN ANTONIO,TX
CIBC BANK USA,CHICAGO,IL
T-MOBILE USA INC,BELLEVUE,WA
THE HERTZ CORPORATION,ESTERO,FL
GREENWOOD RESOURCES INC,PORTLAND,OR
HENKEL US OPERATIONS CORPORATION,BRIDGEWATER TOWNSHIP,NJ
CHEQUERS FINANCIAL MANAGEMENT LLC,SAN FRANCISCO,CA
ANDES INVESTMENT CORP,MIAMI,FL
XL GLOBAL SERVICES INC,NEW YORK,NY
ONEMAIN GENERAL SERVICES CORPORATION,WILMINGTON,DE
FDF ASSET MANAGEMENT LLC,BOSTON,MA
LM CAPITAL GROUP LLC,SAN DIEGO,CA
NFE MANAGEMENT LLC,NEW YORK,NY
LAZARD ASSET MANAGEMENT LLC,NEW YORK,NY
RREEF MANAGEMENT LLC,NEW YORK,NY
TIAA FSB,JACKSONVILLE,FL
WELLINGTON MANAGEMENT COMPANY LLP,BOSTON,MA
DELOITTE CORPORATE FINANCE LLC,LOS ANGELES,CA
AECOM TECHNICAL SERVICES INC,HOUSTON,TX
ARAMARK MANAGEMENT SERVICES LP,CHARLOTTE,NC
HRL MORRISON & CO (US) LLC,NEW YORK,NY
DMG INVESTMENTS LLC,NEW YORK,NY
BIOGEN INC,CAMBRIDGE,MA
EPITEC INC,TAYLOR,MI
ZEBRA TECHNOLOGIES CORPORATION,SAN JOSE,CA
AQR CAPITAL MANAGEMENT LLC,GREENWICH,CT
KAI MANAGEMENT GROUP LLC,NEW YORK,NY
VIRGINIA RETIREMENT SYSTEM,RICHMOND,VA
GGV MANAGEMENT LLC,MENLO PARK,CA
SQUARE INC,SAN FRANCISCO,CA
CONNING & COMPANY,HARTFORD,CT
MP INFOTECH CORP,RICHARDSON,TX
SUMMIT PARTNERS LP,MENLO PARK,CA
RUSSELL INVESTMENTS GROUP LLC,SEATTLE,WA
ARAVT GLOBAL LLC,NEW YORK,NY
NN INVESTMENT PARTNERS NORTH AMERICA LLC,ATLANTA,GA
SALLIE MAE BANK,NEWARK,DE
BOSTON TRINITY ACADEMY,BOSTON,MA
ACCENTURE LLP,PLANO,TX
TERRAVERDE ENERGY LLC,SAN FRANCISCO,CA
GROWTHCURVE CAPITAL LP,NEW YORK,NY
GRIFFINEST ASIA SECURITIES LLC,PASADENA,CA
HARMONIA CAPITAL USA INC,SUGAR LAND,TX
FMC TECHNOLOGIES INC,HOUSTON,TX
PIPER SANDLER & COMPANY,NEW YORK,NY
TECHNIP USA INC,HOUSTON,TX
JPMORGAN CHASE AND CO,NEW YORK,NY
TAMARES MANAGEMENT LLC,NEW YORK,NY
CRCM LP,NEW HAVEN,CT
MORGAN STANLEY SERVICES GROUP INC,NEW YORK,NY
CENTERVIEW PARTNERS LLC,PALO ATLO,CA
BRANDES INVESTMENT PARTNERS LP,SAN DIEGO,CA
TRUSTEES OF THE ESTATE OF BERNICE PAUAHI BISHOP,SAN FRANCISCO,CA
SEI INVESTMENTS COMPANY,OAKS,PA
GLOBAL FRANCHISE EXCHANGE LLC,NEWINGTON,CT
CIPHERQORE SOLUTIONS INC,SOUTH PLAINFIELD,NJ
DLP REAL ESTATE CAPITAL INC,ST. AUGUSTINE,FL
SAWAYA PARTNERS LLC,NEW YORK,NY
WK KELLOGG FOUNDATION,BATTLE CREEK,MI
STIFEL FINANCIAL CORP,NEW YORK,NY
FIRST QUADRANT LP,PASADENA,CA
SCOTIA CAPITAL (USA) INC,NEW YORK,NY
KHOSLA IMPACT LLC,OAKLAND,CA
FEDERAL NATIONAL MORTGAGE ASSOCIATION,HERNDON,VA
ATOS IT SOLUTIONS AND SERVICES INC,AUSTIN,TX
ROSOV CONSULTING LLC,BERKELEY,CA
DRW HOLDINGS LLC,CHICAGO,IL
NEW HOLLAND CAPITAL LLC,NEW YORK,NY
GENERATE CAPITAL INC,SAN FRANCISCO,CA
MOTIVE PARTNERS OPERATING COMPANY LP,BROOLYN,NY
J GOLDMAN CAPITAL ADVISORS LP,NEW YORK,NY
BRIGHTWIRE INC,NEW YORK,NY
HAITOU INC,NEW YORK,NY
RELIANT GROUP MANAGEMENT LLC,SAN FRANCISCO,CA
SOCIAL FINANCE INC,SAN FRANCISCO,CA
MARLIN & ASSOCIATES HOLDING LLC,NEW YORK,NY
AXONIC CAPITAL LLC,NEW YORK,NY
LUPIN PHARMACEUTICALS INC,BALTIMORE,MD
ALUA CAPITAL MANAGEMENT LP,NEW YORK,NY
SOLTAGE LLC,JERSEY CITY,NJ
LIFEINVEST WEALTH MANAGEMENT LTD,MIAMI,FL
CAPODAGLI PROPERTY COMPANY LLC,LINDEN,NJ
BRIGHTHOUSE SERVICES LLC,MORRISTOWN,NJ
BNP PARIBAS ASSET MANAGEMENT USA INC,NEW YORK,NY
THE KANSAS STATE UNIVERSITY FOUNDATION,MANHATTAN,KS
CUSHMAN & WAKEFIELD US INC,DALLAS,TX
GREENBRIAR EQUITY GROUP LLC,RYE,NY
LEIGH HOLDINGS LLC,MALDEN,MA
RAKUTEN USA INC,SAN MATEO,CA
V-SOFT CONSULTING GROUP INC,TAMPA,FL
HIGHMARK INC,PITTSBURGH,PA
APPOMATTOX ADVISORY INC,NEW YORK,NY
ARC CAPITAL INC,NEW YORK,NY
DCP SERVICES LLC,HOUSTON,TX
AUTONOMY AMERICAS LLC,NEW YORK,NY
TEKSYSTEMS INC,PORTLAND,OR
NORTH ROCK CAPITAL MANAGEMENT LLC,NEW YORK,NY
QUANTUM FINANCIAL ADVISORS INC,ROCKVILLE,MD
SOURCE CLOUD TECHNOLOGIES,APEX,NC
GENERAL ELECTRIC COMPANY,NISKAYUNA,NY
MUFG SECURITIES AMERICAS INC,NEW YORK,NY
PEAK6 GROUP LLC,CHICAGO,IL
GENERAL ATLANTIC SERVICE COMPANY LLC,PALO ALTO,CA
LANDIS GYR TECHNOLOGY INC,ALPHARETTA,GA
ICAP INTERNATIONAL LLC,AVENTURA,FL
SAFANAD INC,NEW YORK,NY
GREENHILL & CO LLC,NEW YORK,NY
SMITHSONIAN INSTITUTION,WASHINGTON,DC
RETAIL BUSINESS SERVICES LLC,CARLISLE,PA
CHARDAN CAPITAL MARKETS LLC,GREENWICH,CT
POINT72 ASSET MANAGEMENT LP,NEW YORK,NY
MARWOOD ASSETS MANAGEMENT LLC,SAN JOSE,CA
CITADEL AMERICAS LLC,NEW YORK,NY
SOLAR MOSAIC INC,THE WOODLANDS,TX
JOHN HANCOCK LIFE INSURANCE COMPANY (USA),BOSTON,MA
FMR LLC,BOSTON,MA
TIGER PEAK CAPITAL HOLDINGS LLC,NEW YORK,NY
THE PE TUCKER INSURANCE AGENCY INC,WEST LAFAYETTE,IN
VALSTONE PARTNERS LLC,BIRMINGHAM,MI
WILSHIRE ADVISORS LLC,SANTA MONICA,CA
KEYBANK NATIONAL ASSOCIATION,BUFFALO,NY
CVC CREDIT PARTNERS LLC,NEW YORK,NY
UPMC PRESBYTERIAN SHADYSIDE,PITTSBURGH,PA
IPC SYSTEMS INC,CHARLOTTE,NC
INTERNATIONAL BUSINESS MACHINES CORPORATION,GREENSBORO,NC
ASCENSION INVESTMENT MANAGEMENT LLC,ST. LOUIS,MO
OWL CREEK ASSET MANAGEMENT LP,NEW YORK,NY
ACADIAN ASSET MANAGEMENT LLC,BOSTON,MA
GENEVA TRADING USA LLC,CHICAGO,IL
NATIONWIDE INSURANCE,CUMMINGS,GA
SENSATO INVESTORS LLC,SAN FRANCISCO,CA
CLARION PARTNERS LLC,NEW YORK,NY
VR MANAGEMENT LLC,NEW YORK,NY
MENAI FINANCIAL GROUP LLC,NEW YORK,NY
GLOBAL ATLANTIC FINANCIAL COMPANY,BRIGHTON,MA
EATON VANCE MANAGEMENT,BOSTON,MA
MERCER INVESTMENT CONSULTING INC,BOSTON,MA
XORIANT CORPORATION,EDISON,NJ
ARISTEIA CAPITAL LLC,NEW YORK,NY
RA JONES,COVINGTON,KY
SULLIVAN & CROMWELL LLP,NEW YORK,NY
OPHIR ASSET MANAGEMENT US LLC,DENVER,CO
CIGNA HEALTH AND LIFE INSURANCE COMPANY,BRIARCLIFF,TX
OCTANE LENDING INC,NEW YORK,NY
ULLICO INC,SILVER SPRING,MD
FINANCIAL TECHNOLOGY PARTNERS LP,NEW YORK,NY
